{"Mean":{"confidence_interval":{"confidence_level":0.95,"lower_bound":2.186543600346977,"upper_bound":2.240938440563363},"point_estimate":2.212581780038399,"standard_error":0.0138967660210461},"Median":{"confidence_interval":{"confidence_level":0.95,"lower_bound":2.158583264198162,"upper_bound":2.202656864021069},"point_estimate":2.1836797170502866,"standard_error":0.010316707884758402},"MedianAbsDev":{"confidence_interval":{"confidence_level":0.95,"lower_bound":0.05865270853917837,"upper_bound":0.11012133964957259},"point_estimate":0.08886416760612406,"standard_error":0.013337228460714449},"Slope":{"confidence_interval":{"confidence_level":0.95,"lower_bound":2.1803981962948977,"upper_bound":2.2206704741522147},"point_estimate":2.199825429034993,"standard_error":0.010266982450004374},"StdDev":{"confidence_interval":{"confidence_level":0.95,"lower_bound":0.10522868368064238,"upper_bound":0.17143353329292913},"point_estimate":0.14041078345616105,"standard_error":0.016912790797179126}}